,A,B,C
2017-01-01,21200.0,32200.0,46700.0
2017-01-02,21300.0,32550.0,47340.0
2017-01-03,21310.0,32590.0,47740.0
2017-01-04,22730.0,33960.0,49370.0
2017-01-05,21050.0,32270.0,47780.0
2017-01-06,22740.0,33990.0,49570.0
2017-01-07,21270.0,32470.0,48300.0
2017-01-08,21110.0,32060.0,47030.0
2017-01-09,22370.0,32830.0,48560.0
2017-01-10,22130.0,32020.0,48470.0
2017-01-11,21980.0,31480.0,48340.0
2017-01-12,20590.0,30050.0,46920.0
2017-01-13,20720.0,30510.0,47120.0
2017-01-14,21370.0,31680.0,48020.0
2017-01-15,22030.0,32790.0,47650.0
2017-01-16,22180.0,33150.0,48170.0
2017-01-17,21200.0,32170.0,47420.0
2017-01-18,20920.0,31830.0,47210.0
2017-01-19,21070.0,31970.0,47320.0
2017-01-20,21090.0,32040.0,47360.0
2017-01-21,21120.0,32030.0,47520.0
2017-01-22,19820.0,30470.0,45040.0
2017-01-23,21180.0,31380.0,46690.0
2017-01-24,20200.0,29840.0,45880.0
2017-01-25,20950.0,30230.0,46710.0
2017-01-26,19640.0,28890.0,45450.0
2017-01-27,19620.0,29220.0,45610.0
2017-01-28,22390.0,32560.0,48790.0
2017-01-29,20260.0,30840.0,45720.0
2017-01-30,20200.0,30990.0,46160.0
2017-01-31,21830.0,32640.0,48200.0
2017-02-01,21270.0,31990.0,47810.0
2017-02-02,21500.0,32190.0,48120.0
2017-02-03,21020.0,31730.0,47730.0
2017-02-04,20470.0,31120.0,47370.0
2017-02-05,20070.0,30440.0,45820.0
2017-02-06,20480.0,30360.0,46510.0
2017-02-07,21180.0,30500.0,47390.0
2017-02-08,19870.0,28780.0,46080.0
2017-02-09,20100.0,29010.0,46310.0
2017-02-10,20780.0,30060.0,47100.0
2017-02-11,20460.0,30280.0,47040.0
2017-02-12,20770.0,31090.0,46340.0
2017-02-13,20490.0,31060.0,46470.0
2017-02-14,20620.0,31250.0,46880.0
2017-02-15,20120.0,30720.0,46470.0
2017-02-16,20850.0,31520.0,47240.0
2017-02-17,20540.0,31300.0,46970.0
2017-02-18,19590.0,30360.0,46190.0
2017-02-19,21290.0,31920.0,46810.0
2017-02-20,19770.0,29950.0,45580.0
2017-02-21,20980.0,30720.0,47070.0
2017-02-22,21770.0,31240.0,48030.0
2017-02-23,20560.0,30050.0,46910.0
2017-02-24,19530.0,29420.0,46100.0
2017-02-25,21200.0,31750.0,48260.0
2017-02-26,20950.0,32030.0,47140.0
2017-02-27,21090.0,32480.0,47880.0
2017-02-28,21340.0,32810.0,48580.0
2017-03-01,20910.0,32370.0,48400.0
2017-03-02,21150.0,32660.0,48780.0
2017-03-03,20810.0,32400.0,48590.0
2017-03-04,21550.0,33190.0,49620.0
2017-03-05,23160.0,34650.0,50180.0
2017-03-06,21020.0,32000.0,48310.0
2017-03-07,21530.0,32020.0,49050.0
2017-03-08,22220.0,32410.0,49860.0
2017-03-09,20630.0,30800.0,48250.0
2017-03-10,20430.0,31020.0,48180.0
2017-03-11,21080.0,32300.0,49170.0
2017-03-12,21450.0,33220.0,48560.0
2017-03-13,21650.0,33730.0,49210.0
2017-03-14,22940.0,35160.0,50860.0
2017-03-15,22170.0,34380.0,50200.0
2017-03-16,21760.0,34010.0,49800.0
2017-03-17,20540.0,32860.0,48600.0
2017-03-18,21270.0,33670.0,49570.0
2017-03-19,21460.0,33690.0,48630.0
2017-03-20,20840.0,32630.0,48320.0
2017-03-21,21330.0,32640.0,49070.0
2017-03-22,21690.0,32700.0,49580.0
2017-03-23,20760.0,31770.0,48730.0
2017-03-24,22060.0,33550.0,50320.0
2017-03-25,21540.0,33590.0,50190.0
2017-03-26,21270.0,33810.0,49000.0
2017-03-27,21390.0,34200.0,49690.0
2017-03-28,21710.0,34560.0,50440.0
2017-03-29,23700.0,36590.0,52740.0
2017-03-30,22260.0,35080.0,51330.0
2017-03-31,21980.0,34820.0,51150.0
2017-04-01,21790.0,34570.0,51150.0
2017-04-02,21640.0,34140.0,49830.0
2017-04-03,22100.0,34110.0,50590.0
2017-04-04,22370.0,33810.0,51040.0
2017-04-05,21790.0,32780.0,50450.0
2017-04-06,20820.0,31730.0,49400.0
2017-04-07,21940.0,33260.0,50660.0
2017-04-08,20990.0,32790.0,49920.0
2017-04-09,21370.0,33650.0,49220.0
2017-04-10,22040.0,34590.0,50330.0
2017-04-11,21780.0,34320.0,50300.0
2017-04-12,20940.0,33370.0,49490.0
2017-04-13,21110.0,33540.0,49630.0
2017-04-14,20510.0,32950.0,49000.0
2017-04-15,21180.0,33620.0,49850.0
2017-04-16,21580.0,33790.0,49060.0
2017-04-17,21520.0,33240.0,49280.0
2017-04-18,20980.0,32100.0,48900.0
2017-04-19,21050.0,31780.0,49050.0
2017-04-20,21840.0,32600.0,49950.0
2017-04-21,20260.0,31290.0,48470.0
2017-04-22,20390.0,31980.0,48990.0
2017-04-23,21330.0,33440.0,49030.0
2017-04-24,21560.0,33920.0,49820.0
2017-04-25,21750.0,34120.0,50420.0
2017-04-26,20930.0,33160.0,49740.0
2017-04-27,21070.0,33280.0,49970.0
2017-04-28,20540.0,32730.0,49500.0
2017-04-29,21670.0,33880.0,50910.0
2017-04-30,20680.0,32550.0,48660.0
2017-05-01,21690.0,33100.0,50020.0
2017-05-02,22080.0,32920.0,50610.0
2017-05-03,21250.0,31630.0,49760.0
2017-05-04,20210.0,30510.0,48640.0
2017-05-05,20250.0,30930.0,48780.0
2017-05-06,20500.0,31770.0,49330.0
2017-05-07,20320.0,32090.0,48070.0
2017-05-08,22260.0,34440.0,50580.0
2017-05-09,20660.0,32780.0,49160.0
2017-05-10,20430.0,32530.0,49030.0
2017-05-11,20690.0,32850.0,49320.0
2017-05-12,21160.0,33470.0,49890.0
2017-05-13,20390.0,32670.0,49260.0
2017-05-14,21800.0,34000.0,49600.0
2017-05-15,20100.0,31750.0,48120.0
2017-05-16,22370.0,33690.0,50820.0
2017-05-17,20470.0,31330.0,48920.0
2017-05-18,20090.0,30980.0,48640.0
2017-05-19,20020.0,31360.0,48830.0
2017-05-20,20680.0,32710.0,50010.0
2017-05-21,21590.0,34250.0,50090.0
2017-05-22,21330.0,34290.0,50420.0
2017-05-23,21920.0,35000.0,51520.0
2017-05-24,22640.0,35780.0,52580.0
2017-05-25,23850.0,37150.0,54040.0
2017-05-26,21400.0,34590.0,51540.0
2017-05-27,21520.0,34730.0,51950.0
2017-05-28,22000.0,35040.0,51320.0
2017-05-29,21780.0,34350.0,51440.0
2017-05-30,21400.0,33400.0,51250.0
2017-05-31,21140.0,32780.0,51060.0
2017-06-01,21550.0,33280.0,51550.0
2017-06-02,21550.0,33720.0,51700.0
2017-06-03,21930.0,34760.0,52440.0
2017-06-04,21790.0,35180.0,51240.0
2017-06-05,22230.0,35980.0,52200.0
2017-06-06,21900.0,35710.0,52160.0
2017-06-07,22770.0,36670.0,53250.0
2017-06-08,22480.0,36420.0,52970.0
2017-06-09,21890.0,35910.0,52400.0
2017-06-10,21920.0,35990.0,52650.0
2017-06-11,21800.0,35670.0,51320.0
2017-06-12,21320.0,34710.0,51150.0
2017-06-13,22380.0,35350.0,52570.0
2017-06-14,21590.0,34150.0,51840.0
2017-06-15,22710.0,35420.0,53180.0
2017-06-16,21410.0,34430.0,52000.0
2017-06-17,21590.0,35250.0,52650.0
2017-06-18,22510.0,36790.0,52710.0
2017-06-19,22830.0,37420.0,53650.0
2017-06-20,23110.0,37750.0,54380.0
2017-06-21,22540.0,37070.0,53990.0
2017-06-22,22720.0,37260.0,54290.0
2017-06-23,22660.0,37230.0,54340.0
2017-06-24,22540.0,37050.0,54430.0
2017-06-25,22280.0,36470.0,52910.0
2017-06-26,22190.0,35840.0,53110.0
2017-06-27,23010.0,36120.0,54180.0
2017-06-28,22010.0,34600.0,53110.0
2017-06-29,22450.0,35050.0,53570.0
2017-06-30,21470.0,34330.0,52560.0
2017-07-01,21860.0,35320.0,53260.0
2017-07-02,22570.0,36590.0,52910.0
2017-07-03,23470.0,37830.0,54320.0
2017-07-04,22040.0,36250.0,53000.0
2017-07-05,22070.0,36210.0,53100.0
2017-07-06,21230.0,35270.0,52130.0
2017-07-07,20940.0,35000.0,51820.0
2017-07-08,22820.0,37050.0,54060.0
2017-07-09,20770.0,34510.0,50510.0
2017-07-10,20880.0,34120.0,50920.0
2017-07-11,22610.0,35440.0,53040.0
2017-07-12,21200.0,33460.0,51560.0
2017-07-13,20740.0,32940.0,51120.0
2017-07-14,22220.0,34970.0,52970.0
2017-07-15,23080.0,36510.0,54330.0
2017-07-16,21320.0,35030.0,51370.0
2017-07-17,22450.0,36520.0,53190.0
2017-07-18,21710.0,35700.0,52770.0
2017-07-19,22730.0,36760.0,54120.0
2017-07-20,21830.0,35720.0,53200.0
2017-07-21,21410.0,35270.0,52830.0
2017-07-22,21580.0,35400.0,53240.0
2017-07-23,21850.0,35400.0,52290.0
2017-07-24,21780.0,34790.0,52520.0
2017-07-25,21510.0,33860.0,52390.0
2017-07-26,21690.0,33650.0,52630.0
2017-07-27,21490.0,33400.0,52400.0
2017-07-28,21860.0,34210.0,52920.0
2017-07-29,21930.0,34900.0,53290.0
2017-07-30,21060.0,34450.0,51200.0
2017-07-31,21250.0,34950.0,51860.0
2017-08-01,21630.0,35440.0,52600.0
2017-08-02,22020.0,35870.0,53160.0
2017-08-03,21050.0,34830.0,52080.0
2017-08-04,20870.0,34740.0,51950.0
2017-08-05,20870.0,34770.0,52150.0
2017-08-06,20500.0,34160.0,50500.0
2017-08-07,21440.0,34780.0,51930.0
2017-08-08,21400.0,34200.0,52150.0
2017-08-09,21060.0,33480.0,51920.0
2017-08-10,20860.0,33330.0,51840.0
2017-08-11,20650.0,33570.0,51870.0
2017-08-12,21980.0,35740.0,53860.0
2017-08-13,22130.0,36500.0,53090.0
2017-08-14,22170.0,36870.0,53780.0
2017-08-15,22250.0,37050.0,54360.0
2017-08-16,23270.0,38200.0,55800.0
2017-08-17,22850.0,37780.0,55480.0
2017-08-18,22610.0,37610.0,55380.0
2017-08-19,22070.0,37020.0,55060.0
2017-08-20,22800.0,37630.0,54680.0
2017-08-21,23230.0,37650.0,55550.0
2017-08-22,21860.0,35530.0,54230.0
2017-08-23,21890.0,35200.0,54350.0
2017-08-24,23150.0,36690.0,55840.0
2017-08-25,22380.0,36270.0,55110.0
2017-08-26,22860.0,37480.0,56010.0
2017-08-27,22000.0,37100.0,53930.0
2017-08-28,23530.0,39170.0,56170.0
2017-08-29,22630.0,38240.0,55490.0
2017-08-30,22080.0,37630.0,55000.0
2017-08-31,22210.0,37860.0,55200.0
2017-09-01,22710.0,38560.0,55840.0
2017-09-02,22880.0,38810.0,56260.0
2017-09-03,22480.0,38150.0,54550.0
2017-09-04,21770.0,36880.0,54100.0
2017-09-05,22280.0,36920.0,54950.0
2017-09-06,22150.0,36430.0,54960.0
2017-09-07,22080.0,36400.0,55010.0
2017-09-08,23090.0,38010.0,56420.0
2017-09-09,22780.0,38300.0,56520.0
2017-09-10,23310.0,39460.0,56140.0
2017-09-11,23920.0,40460.0,57470.0
2017-09-12,23680.0,40220.0,57650.0
2017-09-13,23390.0,39820.0,57540.0
2017-09-14,23880.0,40380.0,58220.0
2017-09-15,22790.0,39160.0,57080.0
2017-09-16,22930.0,39270.0,57470.0
2017-09-17,24500.0,40780.0,58000.0
2017-09-18,23060.0,38550.0,56650.0
2017-09-19,22450.0,37200.0,56120.0
2017-09-20,23340.0,37780.0,57180.0
2017-09-21,23990.0,38500.0,57900.0
2017-09-22,22880.0,37600.0,56710.0
2017-09-23,21960.0,37120.0,55920.0
2017-09-24,23470.0,39370.0,56470.0
2017-09-25,22520.0,38520.0,55800.0
2017-09-26,22490.0,38500.0,56040.0
2017-09-27,22150.0,38030.0,55720.0
2017-09-28,22000.0,37850.0,55520.0
2017-09-29,22830.0,38860.0,56490.0
2017-09-30,22080.0,37960.0,55770.0
2017-10-01,22210.0,37830.0,54590.0
2017-10-02,23580.0,38880.0,56490.0
2017-10-03,22410.0,36900.0,55350.0
2017-10-04,22610.0,36710.0,55670.0
2017-10-05,21550.0,35460.0,54510.0
2017-10-06,21190.0,35430.0,54290.0
2017-10-07,21260.0,36120.0,54800.0
2017-10-08,21740.0,37190.0,54310.0
2017-10-09,21790.0,37500.0,54960.0
2017-10-10,23640.0,39670.0,57560.0
2017-10-11,23220.0,39090.0,57280.0
2017-10-12,22810.0,38570.0,56890.0
2017-10-13,22090.0,37750.0,56160.0
2017-10-14,22420.0,38070.0,56770.0
2017-10-15,22900.0,38330.0,56030.0
2017-10-16,23630.0,38610.0,57190.0
2017-10-17,23430.0,37740.0,57150.0
2017-10-18,21600.0,35150.0,55040.0
2017-10-19,21540.0,35060.0,54960.0
2017-10-20,22160.0,36200.0,55800.0
2017-10-21,22030.0,36680.0,55960.0
2017-10-22,22720.0,38050.0,55590.0
2017-10-23,22180.0,37710.0,55430.0
2017-10-24,22910.0,38640.0,56620.0
2017-10-25,21300.0,36730.0,54850.0
2017-10-26,21650.0,37200.0,55280.0
2017-10-27,21430.0,37050.0,55080.0
2017-10-28,21750.0,37480.0,55690.0
2017-10-29,21190.0,36600.0,53730.0
2017-10-30,21630.0,36660.0,54630.0
2017-10-31,21510.0,35970.0,54780.0
2017-11-01,21490.0,35590.0,54910.0
2017-11-02,22930.0,37380.0,56770.0
2017-11-03,21480.0,36150.0,55330.0
2017-11-04,23070.0,38740.0,57730.0
2017-11-05,21830.0,37890.0,55270.0
2017-11-06,22290.0,38780.0,56500.0
2017-11-07,23170.0,39920.0,58060.0
2017-11-08,22650.0,39290.0,57730.0
2017-11-09,22220.0,38840.0,57380.0
2017-11-10,22690.0,39510.0,58130.0
2017-11-11,22860.0,39740.0,58630.0
2017-11-12,23570.0,40350.0,58220.0
2017-11-13,23100.0,39280.0,58040.0
2017-11-14,22400.0,37870.0,57460.0
2017-11-15,23330.0,38600.0,58670.0
2017-11-16,22300.0,37420.0,57480.0
2017-11-17,23060.0,38810.0,58550.0
2017-11-18,23270.0,39760.0,59170.0
2017-11-19,23230.0,40330.0,57970.0
2017-11-20,23520.0,41030.0,58840.0
2017-11-21,22940.0,40440.0,58510.0
2017-11-22,22440.0,39860.0,58060.0
2017-11-23,22930.0,40520.0,58690.0
2017-11-24,22810.0,40520.0,58620.0
2017-11-25,23120.0,40950.0,59240.0
2017-11-26,23450.0,41140.0,58330.0
2017-11-27,22440.0,39450.0,57500.0
2017-11-28,23990.0,40740.0,59640.0
2017-11-29,22960.0,39130.0,58550.0
2017-11-30,22180.0,38260.0,57750.0
2017-12-01,22420.0,39020.0,58300.0
2017-12-02,22410.0,39680.0,58780.0
2017-12-03,24330.0,42580.0,60050.0
2017-12-04,23840.0,42290.0,60110.0
2017-12-05,23160.0,41510.0,59770.0
2017-12-06,23450.0,41800.0,60370.0
2017-12-07,22890.0,41110.0,59810.0
2017-12-08,23930.0,42410.0,61180.0
2017-12-09,24490.0,43040.0,62110.0
2017-12-10,23520.0,41550.0,59590.0
2017-12-11,23180.0,40540.0,59500.0
2017-12-12,23120.0,39790.0,59610.0
2017-12-13,24700.0,41240.0,61550.0
2017-12-14,22480.0,38510.0,58840.0
2017-12-15,23010.0,39550.0,59570.0
2017-12-16,22930.0,40070.0,59770.0
2017-12-17,22530.0,40120.0,58040.0
2017-12-18,23730.0,41840.0,59940.0
2017-12-19,23350.0,41380.0,59760.0
2017-12-20,23270.0,41210.0,59750.0
2017-12-21,22420.0,40170.0,58680.0
2017-12-22,22110.0,39850.0,58310.0
2017-12-23,22840.0,40700.0,59360.0
2017-12-24,22540.0,40040.0,57600.0
2017-12-25,21930.0,38730.0,57180.0
2017-12-26,22650.0,38960.0,58280.0
2017-12-27,23900.0,40030.0,59900.0
2017-12-28,22790.0,38660.0,58620.0
2017-12-29,22760.0,39050.0,58800.0
2017-12-30,21730.0,38420.0,57990.0
2017-12-31,22450.0,39850.0,57780.0
2018-01-01,23080.0,40880.0,59170.0
2018-01-02,22870.0,40610.0,59350.0
2018-01-03,22940.0,40610.0,59680.0
2018-01-04,22570.0,40110.0,59310.0
2018-01-05,22200.0,39680.0,58970.0
2018-01-06,24630.0,42600.0,62190.0
2018-01-07,22730.0,39950.0,58490.0
2018-01-08,22090.0,38570.0,58040.0
2018-01-09,23050.0,39070.0,59420.0
2018-01-10,22090.0,37420.0,58270.0
2018-01-11,22200.0,37540.0,58390.0
2018-01-12,21510.0,37130.0,57660.0
2018-01-13,22710.0,39270.0,59470.0
2018-01-14,22320.0,39380.0,57760.0
2018-01-15,23630.0,41310.0,59870.0
2018-01-16,21950.0,39310.0,58140.0
2018-01-17,21930.0,39260.0,58240.0
2018-01-18,24920.0,43020.0,61970.0
2018-01-19,23520.0,41410.0,60300.0
2018-01-20,22360.0,40020.0,59100.0
2018-01-21,21690.0,38980.0,56920.0
2018-01-22,22190.0,39100.0,57930.0
2018-01-23,22610.0,39050.0,58750.0
2018-01-24,22300.0,38290.0,58540.0
2018-01-25,22340.0,38430.0,58750.0
2018-01-26,23150.0,39960.0,60050.0
2018-01-27,22570.0,39970.0,59860.0
2018-01-28,22300.0,40280.0,58500.0
2018-01-29,22580.0,41000.0,59560.0
2018-01-30,22730.0,41270.0,60280.0
2018-01-31,23660.0,42420.0,61740.0
2018-02-01,23280.0,42010.0,61440.0
2018-02-02,23030.0,41820.0,61320.0
2018-02-03,23180.0,42020.0,61830.0
2018-02-04,23440.0,42120.0,60840.0
2018-02-05,23220.0,41310.0,60960.0
2018-02-06,23680.0,41280.0,61810.0
2018-02-07,24160.0,41480.0,62510.0
2018-02-08,24330.0,41750.0,62770.0
2018-02-09,24140.0,42030.0,62710.0
2018-02-10,22470.0,40660.0,61000.0
2018-02-11,24580.0,43950.0,62430.0
2018-02-12,23120.0,42490.0,61140.0
2018-02-13,24000.0,43700.0,62630.0
2018-02-14,23170.0,42690.0,61760.0
2018-02-15,23700.0,43440.0,62470.0
2018-02-16,22960.0,42650.0,61620.0
2018-02-17,23550.0,43440.0,62600.0
2018-02-18,23710.0,43430.0,61440.0
2018-02-19,24100.0,43430.0,62340.0
2018-02-20,22960.0,41390.0,61190.0
2018-02-21,24830.0,43360.0,63710.0
2018-02-22,24120.0,42520.0,62950.0
2018-02-23,23030.0,41650.0,61860.0
2018-02-24,24790.0,44580.0,64590.0
2018-02-25,23200.0,43190.0,61500.0
2018-02-26,24160.0,44710.0,63380.0
2018-02-27,24010.0,44570.0,63700.0
2018-02-28,25720.0,46660.0,66120.0
2018-03-01,23990.0,44470.0,64060.0
2018-03-02,23390.0,43750.0,63420.0
2018-03-03,24000.0,44460.0,64450.0
2018-03-04,24960.0,45360.0,64260.0
2018-03-05,23490.0,42880.0,62740.0
2018-03-06,24180.0,43040.0,63810.0
2018-03-07,23490.0,41670.0,62960.0
2018-03-08,23450.0,41580.0,62880.0
2018-03-09,24270.0,43050.0,64020.0
2018-03-10,23670.0,42930.0,63570.0
2018-03-11,23910.0,43790.0,62560.0
2018-03-12,23440.0,43470.0,62440.0
2018-03-13,23970.0,44150.0,63410.0
2018-03-14,24170.0,44330.0,63750.0
2018-03-15,23260.0,43170.0,62560.0
2018-03-16,23260.0,43220.0,62570.0
2018-03-17,23040.0,42900.0,62460.0
2018-03-18,22370.0,41740.0,60140.0
2018-03-19,23070.0,42040.0,61370.0
2018-03-20,23420.0,41790.0,62040.0
2018-03-21,22680.0,40380.0,61200.0
2018-03-22,23350.0,41230.0,62140.0
2018-03-23,22220.0,40220.0,60920.0
2018-03-24,24350.0,43620.0,64130.0
2018-03-25,23320.0,42870.0,61660.0
2018-03-26,22730.0,42380.0,61540.0
2018-03-27,23570.0,43460.0,63090.0
2018-03-28,24000.0,43910.0,63890.0
2018-03-29,23110.0,42720.0,62830.0
2018-03-30,22520.0,41990.0,62190.0
2018-03-31,22610.0,42040.0,62560.0
2018-04-01,23150.0,42390.0,61820.0
2018-04-02,23220.0,41860.0,62260.0
2018-04-03,25620.0,44240.0,65560.0
2018-04-04,24230.0,41980.0,63820.0
2018-04-05,24270.0,42020.0,63860.0
2018-04-06,22640.0,40370.0,61880.0
2018-04-07,22330.0,40660.0,61820.0
2018-04-08,22940.0,42060.0,61310.0
2018-04-09,23140.0,42640.0,62090.0
2018-04-10,22490.0,41880.0,61610.0
2018-04-11,23340.0,42960.0,62850.0
2018-04-12,22700.0,42200.0,62040.0
2018-04-13,22940.0,42640.0,62430.0
2018-04-14,22380.0,41960.0,61950.0
2018-04-15,23110.0,42670.0,61470.0
2018-04-16,22420.0,41260.0,61000.0
2018-04-17,22170.0,40330.0,60980.0
2018-04-18,23070.0,41130.0,62340.0
2018-04-19,23850.0,42220.0,63510.0
2018-04-20,23360.0,42140.0,63190.0
2018-04-21,23740.0,43410.0,64250.0
2018-04-22,22870.0,42940.0,62020.0
2018-04-23,23750.0,44470.0,63920.0
2018-04-24,23180.0,43830.0,63740.0
2018-04-25,24060.0,44970.0,65210.0
2018-04-26,23170.0,43880.0,64240.0
2018-04-27,23660.0,44630.0,65070.0
2018-04-28,23780.0,44810.0,65560.0
2018-04-29,25650.0,47010.0,66630.0
2018-04-30,23580.0,43760.0,64350.0
2018-05-01,23810.0,43410.0,64920.0
2018-05-02,24320.0,43670.0,65700.0
2018-05-03,23790.0,43040.0,65070.0
2018-05-04,22930.0,42450.0,64110.0
2018-05-05,25190.0,46170.0,67480.0
2018-05-06,24450.0,45890.0,65250.0
2018-05-07,23940.0,45600.0,65150.0
2018-05-08,24520.0,46470.0,66310.0
2018-05-09,23760.0,45490.0,65470.0
2018-05-10,24530.0,46600.0,66540.0
2018-05-11,24980.0,47350.0,67220.0
2018-05-12,23460.0,45400.0,65480.0
2018-05-13,23240.0,44890.0,63760.0
2018-05-14,25130.0,46860.0,66670.0
2018-05-15,23990.0,44720.0,65470.0
2018-05-16,23520.0,43710.0,65020.0
2018-05-17,23460.0,43690.0,65090.0
2018-05-18,23110.0,43740.0,64920.0
2018-05-19,24830.0,46770.0,67730.0
2018-05-20,24120.0,46470.0,65650.0
2018-05-21,24150.0,46830.0,66390.0
2018-05-22,24470.0,47300.0,67340.0
2018-05-23,26660.0,50130.0,70520.0
2018-05-24,24930.0,47840.0,68360.0
2018-05-25,24260.0,46990.0,67600.0
2018-05-26,24350.0,47050.0,67990.0
2018-05-27,24870.0,47400.0,67210.0
2018-05-28,24220.0,45890.0,66700.0
2018-05-29,24380.0,45350.0,67110.0
2018-05-30,25240.0,45990.0,68300.0
2018-05-31,24210.0,44580.0,66900.0
2018-06-01,24220.0,45030.0,67000.0
2018-06-02,23730.0,45050.0,66670.0
2018-06-03,24340.0,46450.0,66120.0
2018-06-04,23920.0,46180.0,66050.0
2018-06-05,24020.0,46330.0,66500.0
2018-06-06,23480.0,45520.0,65870.0
2018-06-07,23600.0,45680.0,65990.0
2018-06-08,24090.0,46390.0,66660.0
2018-06-09,23870.0,46050.0,66540.0
2018-06-10,24560.0,46660.0,65940.0
2018-06-11,22930.0,43850.0,64110.0
2018-06-12,23240.0,43550.0,64770.0
2018-06-13,22780.0,42450.0,64260.0
2018-06-14,22950.0,42660.0,64570.0
2018-06-15,22750.0,42860.0,64550.0
2018-06-16,22690.0,43470.0,64950.0
2018-06-17,23300.0,44880.0,64560.0
2018-06-18,23820.0,45860.0,65940.0
2018-06-19,23510.0,45450.0,66020.0
2018-06-20,24840.0,47140.0,68070.0
2018-06-21,24220.0,46270.0,67330.0
2018-06-22,23290.0,45030.0,66200.0
2018-06-23,24560.0,46680.0,68180.0
2018-06-24,23090.0,44340.0,64690.0
2018-06-25,23710.0,44520.0,65890.0
2018-06-26,23520.0,43530.0,65860.0
2018-06-27,22930.0,42220.0,65110.0
2018-06-28,23390.0,42830.0,65720.0
2018-06-29,22620.0,42260.0,64800.0
2018-06-30,23840.0,44640.0,66810.0
2018-07-01,23230.0,44460.0,64640.0
2018-07-02,23870.0,45680.0,66060.0
2018-07-03,24650.0,46810.0,67490.0
2018-07-04,23050.0,44630.0,65460.0
2018-07-05,22900.0,44480.0,65270.0
2018-07-06,23240.0,45080.0,65820.0
2018-07-07,24190.0,46420.0,67370.0
2018-07-08,23510.0,45260.0,64960.0
2018-07-09,23760.0,45060.0,65730.0
2018-07-10,22870.0,43210.0,64850.0
2018-07-11,23060.0,43070.0,65290.0
2018-07-12,23280.0,43470.0,65780.0
2018-07-13,23340.0,44120.0,66190.0
2018-07-14,23680.0,45400.0,67230.0
2018-07-15,23350.0,45650.0,65640.0
2018-07-16,24880.0,48140.0,68520.0
2018-07-17,24410.0,47600.0,68460.0
2018-07-18,23900.0,46910.0,68110.0
2018-07-19,25600.0,49300.0,70630.0
2018-07-20,23670.0,46780.0,68190.0
2018-07-21,23740.0,46910.0,68640.0
2018-07-22,24380.0,47510.0,68070.0
2018-07-23,25420.0,48370.0,69940.0
2018-07-24,24430.0,46340.0,68880.0
2018-07-25,23950.0,45250.0,68330.0
2018-07-26,24210.0,45670.0,68750.0
2018-07-27,23840.0,45710.0,68420.0
2018-07-28,25150.0,48320.0,70650.0
2018-07-29,24550.0,48220.0,68500.0
2018-07-30,24650.0,48760.0,69240.0
2018-07-31,24100.0,48110.0,68890.0
2018-08-01,25350.0,49860.0,70790.0
2018-08-02,24920.0,49360.0,70250.0
2018-08-03,25620.0,50490.0,71310.0
2018-08-04,25090.0,49820.0,70860.0
2018-08-05,25280.0,49850.0,69620.0
2018-08-06,23810.0,47260.0,68020.0
2018-08-07,25960.0,49580.0,71320.0
2018-08-08,24530.0,47190.0,69520.0
2018-08-09,24390.0,47060.0,69480.0
2018-08-10,25870.0,49660.0,71850.0
2018-08-11,24250.0,48190.0,70160.0
2018-08-12,24920.0,49790.0,69890.0
2018-08-13,25160.0,50470.0,70970.0
2018-08-14,25440.0,50910.0,71910.0
2018-08-15,24750.0,49880.0,71240.0
2018-08-16,25960.0,51560.0,73060.0
2018-08-17,24620.0,49740.0,71340.0
2018-08-18,25350.0,50690.0,72630.0
2018-08-19,25320.0,50300.0,71050.0
2018-08-20,24770.0,48850.0,70660.0
2018-08-21,25160.0,48620.0,71420.0
2018-08-22,25500.0,48540.0,71910.0
2018-08-23,24970.0,47770.0,71160.0
2018-08-24,23960.0,46810.0,69840.0
2018-08-25,25590.0,49800.0,72450.0
2018-08-26,25780.0,50680.0,71290.0
2018-08-27,25330.0,50360.0,71180.0
2018-08-28,24930.0,49810.0,70960.0
2018-08-29,24510.0,49150.0,70470.0
2018-08-30,23820.0,48160.0,69450.0
2018-08-31,24990.0,49870.0,71110.0
2018-09-01,23600.0,47880.0,69360.0
2018-09-02,23610.0,47560.0,67760.0
2018-09-03,24930.0,48760.0,69980.0
2018-09-04,23970.0,46650.0,68880.0
2018-09-05,25420.0,48180.0,71040.0
2018-09-06,23480.0,45450.0,68410.0
2018-09-07,23340.0,45730.0,68460.0
2018-09-08,24290.0,47800.0,70300.0
2018-09-09,24210.0,48300.0,68930.0
2018-09-10,25310.0,50150.0,71190.0
2018-09-11,24640.0,49220.0,70770.0
2018-09-12,24260.0,48560.0,70490.0
2018-09-13,24360.0,48670.0,70750.0
2018-09-14,24150.0,48410.0,70580.0
2018-09-15,23560.0,47490.0,70020.0
2018-09-16,24020.0,47770.0,69100.0
2018-09-17,25920.0,49770.0,72170.0
2018-09-18,26790.0,50220.0,73620.0
2018-09-19,24050.0,45820.0,69790.0
2018-09-20,23570.0,45120.0,69110.0
2018-09-21,24410.0,46820.0,70430.0
2018-09-22,23280.0,45980.0,69210.0
2018-09-23,24230.0,48000.0,69150.0
2018-09-24,23660.0,47550.0,68900.0
2018-09-25,25780.0,50640.0,72310.0
2018-09-26,24570.0,48920.0,70750.0
2018-09-27,24240.0,48520.0,70300.0
2018-09-28,23270.0,47280.0,69010.0
2018-09-29,23550.0,47730.0,69680.0
2018-09-30,23830.0,47880.0,68520.0
2018-10-01,24940.0,48890.0,70550.0
2018-10-02,23310.0,45910.0,68570.0
2018-10-03,26190.0,49600.0,72880.0
2018-10-04,23050.0,45210.0,68590.0
2018-10-05,24260.0,47540.0,70650.0
2018-10-06,25090.0,49570.0,72450.0
2018-10-07,23620.0,48220.0,69170.0
2018-10-08,24270.0,49570.0,70920.0
2018-10-09,24970.0,50670.0,72530.0
2018-10-10,25520.0,51470.0,73690.0
2018-10-11,26120.0,52390.0,74740.0
2018-10-12,24750.0,50570.0,73000.0
2018-10-13,25270.0,51330.0,74110.0
2018-10-14,26540.0,52890.0,74420.0
2018-10-15,25120.0,50250.0,72850.0
2018-10-16,26940.0,52160.0,75780.0
2018-10-17,25050.0,49000.0,73180.0
2018-10-18,24110.0,47700.0,71880.0
2018-10-19,25120.0,49740.0,73530.0
2018-10-20,25060.0,50510.0,73900.0
2018-10-21,25760.0,52250.0,73510.0
2018-10-22,24900.0,51440.0,72900.0
2018-10-23,25620.0,52610.0,74380.0
2018-10-24,25030.0,51780.0,73710.0
2018-10-25,25040.0,51900.0,73790.0
2018-10-26,25440.0,52630.0,74450.0
2018-10-27,25960.0,53450.0,75490.0
2018-10-28,24860.0,51620.0,72330.0
2018-10-29,25740.0,52330.0,74080.0
2018-10-30,25340.0,51060.0,73830.0
2018-10-31,25370.0,50660.0,74060.0
2018-11-01,25360.0,50700.0,74200.0
2018-11-02,24450.0,49970.0,73210.0
2018-11-03,24560.0,50950.0,73960.0
2018-11-04,25770.0,53410.0,74470.0
2018-11-05,25510.0,53390.0,74860.0
2018-11-06,25970.0,54110.0,76110.0
2018-11-07,25910.0,53940.0,76320.0
2018-11-08,26210.0,54380.0,76900.0
2018-11-09,26250.0,54490.0,77110.0
2018-11-10,25020.0,52630.0,75620.0
2018-11-11,25370.0,52760.0,74510.0
2018-11-12,26030.0,53020.0,75870.0
2018-11-13,25070.0,50810.0,74700.0
2018-11-14,25030.0,50180.0,74670.0
2018-11-15,24760.0,49740.0,74240.0
2018-11-16,24730.0,50190.0,74310.0
2018-11-17,25200.0,51620.0,75350.0
2018-11-18,25850.0,53210.0,74800.0
2018-11-19,25390.0,52860.0,74680.0
2018-11-20,26700.0,54790.0,76940.0
2018-11-21,27190.0,55420.0,77760.0
2018-11-22,26250.0,54030.0,76340.0
2018-11-23,25430.0,52890.0,75140.0
2018-11-24,24000.0,50750.0,73240.0
2018-11-25,24570.0,51240.0,72400.0
2018-11-26,24580.0,50570.0,72800.0
2018-11-27,24400.0,49520.0,72810.0
2018-11-28,24480.0,49100.0,73040.0
2018-11-29,23810.0,48100.0,72160.0
2018-11-30,24880.0,50180.0,73990.0
2018-12-01,25180.0,51390.0,74980.0
2018-12-02,24030.0,50340.0,71950.0
2018-12-03,24960.0,52030.0,74080.0
2018-12-04,25960.0,53520.0,76110.0
2018-12-05,25330.0,52470.0,75440.0
2018-12-06,24760.0,51590.0,74720.0
2018-12-07,25070.0,52070.0,75310.0
2018-12-08,24450.0,51080.0,74690.0
2018-12-09,26250.0,53350.0,75700.0
2018-12-10,24300.0,49750.0,73210.0
2018-12-11,25270.0,50370.0,74880.0
2018-12-12,24160.0,48170.0,73290.0
2018-12-13,23890.0,47750.0,72880.0
2018-12-14,24380.0,49010.0,73750.0
2018-12-15,24140.0,49460.0,73800.0
2018-12-16,24910.0,51310.0,73460.0
2018-12-17,26510.0,54070.0,76450.0
2018-12-18,25080.0,52020.0,74720.0
2018-12-19,25220.0,52220.0,75100.0
2018-12-20,25280.0,52390.0,75220.0
2018-12-21,24060.0,50710.0,73470.0
2018-12-22,25450.0,52830.0,75830.0
2018-12-23,24360.0,50960.0,72580.0
2018-12-24,26270.0,53220.0,75910.0
2018-12-25,25140.0,50830.0,74580.0
2018-12-26,24080.0,48810.0,73210.0
2018-12-27,24180.0,49070.0,73560.0
2018-12-28,25790.0,52110.0,76330.0
2018-12-29,24410.0,50930.0,74900.0
2018-12-30,26010.0,54100.0,76050.0
2018-12-31,24690.0,52560.0,74930.0
2019-01-01,26130.0,54830.0,77740.0
2019-01-02,26160.0,54890.0,78170.0
2019-01-03,25370.0,53770.0,77180.0
2019-01-04,25710.0,54420.0,77930.0
2019-01-05,25200.0,53680.0,77540.0
2019-01-06,26140.0,54820.0,77380.0
2019-01-07,25240.0,52830.0,76510.0
2019-01-08,25180.0,52010.0,76750.0
2019-01-09,24840.0,51020.0,76360.0
2019-01-10,24810.0,51040.0,76370.0
2019-01-11,24600.0,51340.0,76260.0
2019-01-12,25400.0,53430.0,77930.0
2019-01-13,25620.0,54550.0,76820.0
2019-01-14,26250.0,55930.0,78420.0
2019-01-15,26670.0,56710.0,79520.0
2019-01-16,26470.0,56440.0,79420.0
2019-01-17,25670.0,55320.0,78260.0
2019-01-18,25650.0,55470.0,78330.0
2019-01-19,26610.0,56990.0,80090.0
2019-01-20,25000.0,54300.0,76000.0
2019-01-21,25860.0,55010.0,77800.0
2019-01-22,25330.0,53480.0,77340.0
2019-01-23,26990.0,55530.0,80050.0
2019-01-24,24890.0,52420.0,77040.0
2019-01-25,24740.0,52790.0,77150.0
2019-01-26,25330.0,54560.0,78670.0
2019-01-27,26110.0,56480.0,78540.0
2019-01-28,27210.0,58530.0,81030.0
2019-01-29,26220.0,57070.0,80120.0
2019-01-30,26460.0,57370.0,80820.0
2019-01-31,25780.0,56320.0,79920.0
2019-02-01,26830.0,57980.0,81690.0
2019-02-02,26040.0,56710.0,80800.0
2019-02-03,28950.0,60760.0,83550.0
2019-02-04,26700.0,56580.0,80520.0
2019-02-05,27480.0,56910.0,81940.0
2019-02-06,25660.0,53540.0,79200.0
2019-02-07,25980.0,53990.0,79660.0
2019-02-08,25620.0,53940.0,79220.0
2019-02-09,25150.0,54000.0,78870.0
2019-02-10,25370.0,55000.0,77630.0
2019-02-11,26020.0,56340.0,79200.0
2019-02-12,25870.0,56130.0,79340.0
2019-02-13,26210.0,56570.0,79970.0
2019-02-14,26330.0,56730.0,80100.0
2019-02-15,27580.0,58730.0,82050.0
2019-02-16,24950.0,54630.0,78200.0
2019-02-17,24630.0,53780.0,75950.0
2019-02-18,27720.0,57820.0,81120.0
2019-02-19,25490.0,53560.0,77960.0
2019-02-20,24560.0,51570.0,76650.0
2019-02-21,26130.0,53980.0,79180.0
2019-02-22,24760.0,52390.0,77340.0
2019-02-23,27650.0,57660.0,82370.0
2019-02-24,25440.0,54930.0,77570.0
2019-02-25,25120.0,54760.0,77860.0
2019-02-26,25210.0,54910.0,78570.0
2019-02-27,25690.0,55540.0,79610.0
2019-02-28,25820.0,55690.0,79920.0
2019-03-01,25490.0,55210.0,79550.0
2019-03-02,26170.0,56190.0,80920.0
2019-03-03,25360.0,54520.0,77930.0
2019-03-04,26270.0,55180.0,79770.0
2019-03-05,26860.0,55240.0,80930.0
2019-03-06,24550.0,51070.0,77390.0
2019-03-07,25240.0,52140.0,78470.0
2019-03-08,25500.0,53090.0,79020.0
2019-03-09,26750.0,55880.0,81380.0
2019-03-10,25140.0,54120.0,77330.0
2019-03-11,25950.0,55780.0,79220.0
2019-03-12,25480.0,55140.0,78920.0
2019-03-13,26610.0,56890.0,80860.0
2019-03-14,25120.0,54630.0,78550.0
2019-03-15,24870.0,54400.0,78250.0
2019-03-16,24060.0,53180.0,77280.0
2019-03-17,25890.0,55770.0,78430.0
2019-03-18,24660.0,53240.0,77020.0
2019-03-19,24490.0,52250.0,77130.0
2019-03-20,24320.0,51530.0,77090.0
2019-03-21,24280.0,51560.0,77220.0
2019-03-22,24340.0,52320.0,77700.0
2019-03-23,24700.0,53820.0,78940.0
2019-03-24,25640.0,56100.0,79100.0
2019-03-25,25180.0,55850.0,79290.0
2019-03-26,26050.0,57320.0,81320.0
2019-03-27,28440.0,61100.0,85490.0
2019-03-28,26260.0,57750.0,82280.0
2019-03-29,26910.0,58910.0,83540.0
2019-03-30,25490.0,56700.0,81700.0
2019-03-31,26460.0,57930.0,81570.0
2019-04-01,26360.0,57120.0,81940.0
2019-04-02,27180.0,57640.0,83560.0
2019-04-03,25850.0,55050.0,81600.0
2019-04-04,25250.0,54170.0,80720.0
2019-04-05,26770.0,57220.0,83330.0
2019-04-06,25380.0,55950.0,81630.0
2019-04-07,25740.0,57330.0,80670.0
2019-04-08,26010.0,58220.0,81780.0
2019-04-09,27360.0,60520.0,84420.0
2019-04-10,26150.0,58630.0,82710.0
2019-04-11,26610.0,59460.0,83480.0
2019-04-12,27010.0,60270.0,84230.0
2019-04-13,26450.0,59470.0,83660.0
2019-04-14,26330.0,59010.0,81740.0
2019-04-15,26300.0,58320.0,82200.0
2019-04-16,26100.0,57260.0,82260.0
2019-04-17,27580.0,59130.0,84820.0
2019-04-18,26570.0,57600.0,83400.0
2019-04-19,25950.0,57240.0,82760.0
2019-04-20,27620.0,60810.0,86070.0
2019-04-21,26650.0,60030.0,83150.0
2019-04-22,28220.0,62940.0,86520.0
2019-04-23,26990.0,61040.0,85190.0
2019-04-24,26620.0,60350.0,84920.0
2019-04-25,27290.0,61430.0,86160.0
2019-04-26,29750.0,65420.0,90260.0
2019-04-27,27450.0,61670.0,86900.0
2019-04-28,27040.0,60600.0,84470.0
2019-04-29,27750.0,60950.0,86040.0
2019-04-30,27470.0,59620.0,85840.0
2019-05-01,26280.0,57080.0,83960.0
2019-05-02,26920.0,58070.0,84970.0
2019-05-03,26140.0,57350.0,83840.0
2019-05-04,27440.0,60260.0,86310.0
2019-05-05,27920.0,61740.0,85440.0
2019-05-06,26250.0,59410.0,83360.0
2019-05-07,26650.0,60070.0,84390.0
2019-05-08,25890.0,58750.0,83270.0
2019-05-09,25440.0,58010.0,82500.0
2019-05-10,26020.0,59020.0,83450.0
2019-05-11,25950.0,58860.0,83560.0
2019-05-12,26720.0,59710.0,82940.0
2019-05-13,27420.0,60100.0,84510.0
2019-05-14,26760.0,58180.0,83740.0
2019-05-15,26380.0,56970.0,83260.0
2019-05-16,24750.0,54330.0,80740.0
2019-05-17,25270.0,55730.0,81860.0
2019-05-18,25260.0,56550.0,82440.0
2019-05-19,26040.0,58530.0,82250.0
2019-05-20,25630.0,58200.0,82400.0
2019-05-21,26450.0,59530.0,84330.0
2019-05-22,25960.0,58630.0,83850.0
2019-05-23,26200.0,58970.0,84360.0
2019-05-24,25930.0,58570.0,84080.0
2019-05-25,25310.0,57480.0,83390.0
2019-05-26,25510.0,57370.0,81900.0
2019-05-27,26700.0,58510.0,84270.0
2019-05-28,26320.0,57010.0,83930.0
2019-05-29,25540.0,55140.0,82710.0
2019-05-30,25780.0,55510.0,83100.0
2019-05-31,25930.0,56330.0,83490.0
2019-06-01,25200.0,56010.0,82730.0
2019-06-02,26440.0,58830.0,83150.0
2019-06-03,27400.0,60810.0,85370.0
2019-06-04,25290.0,57460.0,82380.0
2019-06-05,25920.0,58480.0,83590.0
2019-06-06,26410.0,59350.0,84410.0
2019-06-07,26110.0,59040.0,84030.0
2019-06-08,26570.0,59840.0,85080.0
2019-06-09,25140.0,57210.0,80940.0
2019-06-10,26740.0,59190.0,84100.0
2019-06-11,26830.0,58580.0,84650.0
2019-06-12,25100.0,55260.0,82040.0
2019-06-13,24910.0,55070.0,81950.0
2019-06-14,25670.0,57010.0,83600.0
2019-06-15,26300.0,59020.0,85340.0
2019-06-16,26690.0,60520.0,84620.0
2019-06-17,27260.0,61930.0,86480.0
2019-06-18,26710.0,61160.0,86300.0
2019-06-19,27100.0,61800.0,87360.0
2019-06-20,27080.0,61850.0,87550.0
2019-06-21,26170.0,60500.0,86310.0
2019-06-22,27730.0,63110.0,89300.0
2019-06-23,26760.0,61190.0,85960.0
2019-06-24,26300.0,59750.0,85750.0
2019-06-25,26880.0,59890.0,87050.0
2019-06-26,28940.0,62790.0,90610.0
2019-06-27,27460.0,60410.0,88220.0
2019-06-28,27150.0,60580.0,87940.0
2019-06-29,26370.0,60260.0,87160.0
2019-06-30,27930.0,63700.0,88150.0
2019-07-01,27130.0,62860.0,87550.0
2019-07-02,26740.0,62370.0,87420.0
2019-07-03,26340.0,61740.0,86970.0
2019-07-04,26860.0,62720.0,87890.0
2019-07-05,27320.0,63680.0,88780.0
2019-07-06,27160.0,63480.0,88830.0
2019-07-07,27210.0,63290.0,87110.0
2019-07-08,28320.0,64470.0,89490.0
2019-07-09,28550.0,64080.0,90280.0
2019-07-10,26040.0,59380.0,86300.0
2019-07-11,26500.0,60230.0,87260.0
2019-07-12,26920.0,61600.0,88330.0
2019-07-13,27670.0,63790.0,90260.0
2019-07-14,26690.0,62960.0,87180.0
2019-07-15,29260.0,67690.0,92390.0
2019-07-16,27160.0,64220.0,89530.0
2019-07-17,29240.0,67630.0,93380.0
2019-07-18,28260.0,65980.0,91890.0
2019-07-19,27020.0,63960.0,89980.0
2019-07-20,29120.0,67410.0,93850.0
2019-07-21,27800.0,64770.0,89780.0
2019-07-22,27000.0,62620.0,88900.0
2019-07-23,26880.0,61470.0,88950.0
2019-07-24,26860.0,60780.0,88950.0
2019-07-25,26990.0,60960.0,89140.0
2019-07-26,27470.0,62320.0,90070.0
2019-07-27,26120.0,60910.0,88210.0
2019-07-28,26460.0,62230.0,87060.0
2019-07-29,27490.0,64320.0,89420.0
2019-07-30,27410.0,64210.0,89690.0
2019-07-31,27140.0,63660.0,89360.0
2019-08-01,27260.0,63860.0,89510.0
2019-08-02,25940.0,61700.0,87300.0
2019-08-03,27490.0,64270.0,90150.0
2019-08-04,27410.0,63740.0,88080.0
2019-08-05,26250.0,60990.0,86570.0
2019-08-06,26110.0,59850.0,86640.0
2019-08-07,26530.0,59950.0,87490.0
2019-08-08,26160.0,59310.0,86980.0
2019-08-09,27460.0,62090.0,89480.0
2019-08-10,27500.0,63050.0,90170.0
2019-08-11,25940.0,61150.0,86010.0
2019-08-12,27940.0,64910.0,90260.0
2019-08-13,27990.0,65000.0,90980.0
2019-08-14,26530.0,62400.0,88820.0
2019-08-15,27320.0,63690.0,90300.0
2019-08-16,27990.0,64860.0,91590.0
2019-08-17,26140.0,61630.0,88780.0
2019-08-18,27580.0,63630.0,89330.0
2019-08-19,27060.0,61920.0,88910.0
2019-08-20,26050.0,59270.0,87470.0
2019-08-21,26900.0,60080.0,88980.0
2019-08-22,26870.0,60020.0,88930.0
2019-08-23,26300.0,59650.0,88110.0
2019-08-24,26740.0,61330.0,89330.0
2019-08-25,25530.0,60080.0,85560.0
2019-08-26,25940.0,61210.0,86950.0
2019-08-27,27040.0,63200.0,89310.0
2019-08-28,26710.0,62620.0,88930.0
2019-08-29,25500.0,60620.0,86880.0
2019-08-30,26740.0,62930.0,89120.0
2019-08-31,28410.0,65850.0,92300.0
2019-09-01,26060.0,61530.0,86400.0
2019-09-02,25920.0,60600.0,86710.0
2019-09-03,25930.0,59830.0,87150.0
2019-09-04,27820.0,62580.0,90640.0
2019-09-05,25590.0,58860.0,87030.0
2019-09-06,29600.0,66490.0,94350.0
2019-09-07,27030.0,63080.0,90660.0
2019-09-08,27630.0,65020.0,90270.0
2019-09-09,27090.0,64590.0,90320.0
2019-09-10,26900.0,64400.0,90740.0
2019-09-11,28090.0,66470.0,93240.0
2019-09-12,26720.0,64180.0,91110.0
2019-09-13,29090.0,68440.0,95480.0
2019-09-14,27890.0,66400.0,93850.0
2019-09-15,27890.0,66070.0,92030.0
2019-09-16,27890.0,65350.0,92590.0
2019-09-17,28650.0,65820.0,94280.0
2019-09-18,27530.0,63350.0,92490.0
2019-09-19,26420.0,61510.0,90650.0
2019-09-20,27760.0,64530.0,93200.0
2019-09-21,26630.0,63590.0,91780.0
2019-09-22,28780.0,68210.0,93830.0
2019-09-23,29150.0,69380.0,95250.0
2019-09-24,28070.0,67660.0,93890.0
2019-09-25,27300.0,66350.0,92790.0
2019-09-26,27230.0,66350.0,92730.0
2019-09-27,27400.0,66850.0,93150.0
2019-09-28,29260.0,70180.0,96740.0
2019-09-29,27390.0,66620.0,91570.0
2019-09-30,26950.0,65160.0,91370.0
2019-10-01,27990.0,66160.0,93610.0
2019-10-02,27070.0,64020.0,92230.0
2019-10-03,26740.0,63520.0,91840.0
2019-10-04,27330.0,65250.0,93260.0
2019-10-05,27750.0,66970.0,94700.0
2019-10-06,28150.0,68520.0,93910.0
2019-10-07,27670.0,68130.0,94010.0
2019-10-08,28860.0,70270.0,96790.0
2019-10-09,29380.0,71110.0,98080.0
2019-10-10,28870.0,70200.0,97350.0
2019-10-11,27960.0,68670.0,95940.0
2019-10-12,28470.0,69480.0,97190.0
2019-10-13,28120.0,68420.0,94620.0
2019-10-14,30470.0,71710.0,99250.0
2019-10-15,29180.0,68450.0,97240.0
2019-10-16,30390.0,69910.0,99420.0
2019-10-17,27220.0,64270.0,93800.0
2019-10-18,29640.0,69140.0,98210.0
2019-10-19,27010.0,65390.0,93990.0
2019-10-20,30900.0,73040.0,99060.0
2019-10-21,27300.0,67070.0,93360.0
2019-10-22,27570.0,67560.0,94260.0
2019-10-23,27210.0,66820.0,93740.0
2019-10-24,27230.0,66850.0,93730.0
2019-10-25,27910.0,68120.0,94940.0
2019-10-26,26490.0,65570.0,92680.0
2019-10-27,27990.0,67800.0,93300.0
2019-10-28,26490.0,64340.0,91140.0
2019-10-29,26990.0,64270.0,92340.0
2019-10-30,26990.0,63630.0,92480.0
2019-10-31,26270.0,62330.0,91320.0
2019-11-01,26110.0,62670.0,91370.0
2019-11-02,27050.0,65260.0,93680.0
2019-11-03,28320.0,68310.0,94350.0
2019-11-04,27400.0,67040.0,93610.0
2019-11-05,27900.0,67940.0,95160.0
2019-11-06,28390.0,68680.0,96370.0
2019-11-07,26720.0,65670.0,93550.0
2019-11-08,26960.0,66130.0,94130.0
2019-11-09,26840.0,65820.0,94270.0
2019-11-10,28570.0,68450.0,95380.0
2019-11-11,26870.0,64560.0,92830.0
2019-11-12,29100.0,67550.0,97090.0
2019-11-13,26930.0,63010.0,93290.0
2019-11-14,26630.0,62450.0,92730.0
2019-11-15,26150.0,62240.0,92060.0
2019-11-16,27250.0,65170.0,94510.0
2019-11-17,26430.0,64560.0,91260.0
2019-11-18,28890.0,69430.0,96390.0
2019-11-19,26830.0,65830.0,93190.0
2019-11-20,26360.0,64980.0,92540.0
2019-11-21,26590.0,65470.0,92990.0
2019-11-22,26480.0,65460.0,92890.0
2019-11-23,27060.0,66570.0,94290.0
2019-11-24,26400.0,65080.0,91130.0
2019-11-25,26060.0,63750.0,91100.0
2019-11-26,28700.0,67680.0,96300.0
2019-11-27,26350.0,62910.0,92310.0
2019-11-28,27820.0,65690.0,95200.0
2019-11-29,28060.0,66890.0,96080.0
2019-11-30,28670.0,69070.0,97960.0
2019-12-01,26890.0,66790.0,93240.0
2019-12-02,27460.0,68350.0,95310.0
2019-12-03,28330.0,70060.0,97660.0
2019-12-04,28880.0,71060.0,99120.0
2019-12-05,28040.0,69630.0,97850.0
2019-12-06,27180.0,68240.0,96570.0
2019-12-07,27740.0,69300.0,98060.0
2019-12-08,28420.0,70180.0,97370.0
2019-12-09,28300.0,69220.0,97760.0
2019-12-10,28530.0,68760.0,98570.0
2019-12-11,29350.0,69680.0,100210.0
2019-12-12,27680.0,66720.0,97250.0
2019-12-13,29400.0,70590.0,100630.0
2019-12-14,27200.0,67670.0,97200.0
2019-12-15,28560.0,71080.0,97920.0
2019-12-16,27960.0,70540.0,97640.0
2019-12-17,28570.0,71800.0,99300.0
2019-12-18,27810.0,70450.0,98150.0
2019-12-19,28470.0,71790.0,99420.0
2019-12-20,28890.0,72760.0,100310.0
2019-12-21,27360.0,70050.0,97880.0
2019-12-22,28480.0,71790.0,97940.0
2019-12-23,28230.0,70620.0,98090.0
2019-12-24,29360.0,71810.0,100570.0
2019-12-25,29860.0,72180.0,101740.0
2019-12-26,27170.0,67340.0,97010.0
2019-12-27,27380.0,68450.0,97810.0
2019-12-28,27410.0,69550.0,98610.0
2019-12-29,28620.0,72650.0,99250.0
2019-12-30,31740.0,78850.0,105970.0
2019-12-31,29140.0,74130.0,101920.0
2020-01-01,10.0,50.0,120.0
2020-01-02,50.0,100.0,210.0
2020-01-03,100.0,10.0,70.0
2020-01-04,160.0,10.0,90.0
2020-01-05,50.0,160.0,20.0
2020-01-06,40.0,100.0,20.0
2020-01-07,90.0,90.0,0.0
2020-01-08,90.0,110.0,60.0
2020-01-09,40.0,120.0,170.0
2020-01-10,10.0,100.0,130.0
2020-01-11,10.0,20.0,50.0
2020-01-12,60.0,130.0,50.0
2020-01-13,210.0,0.0,70.0
2020-01-14,80.0,150.0,90.0
2020-01-15,30.0,100.0,60.0
2020-01-16,10.0,100.0,150.0
2020-01-17,230.0,140.0,20.0
2020-01-18,0.0,60.0,100.0
2020-01-19,30.0,30.0,120.0
2020-01-20,40.0,60.0,90.0
2020-01-21,10.0,200.0,70.0
2020-01-22,220.0,20.0,50.0
2020-01-23,70.0,30.0,90.0
2020-01-24,190.0,70.0,10.0
2020-01-25,30.0,110.0,50.0
2020-01-26,140.0,100.0,40.0
2020-01-27,140.0,10.0,40.0
2020-01-28,70.0,280.0,40.0
2020-01-29,0.0,140.0,150.0
2020-01-30,20.0,100.0,20.0
2020-01-31,50.0,10.0,160.0
2020-02-01,130.0,90.0,100.0
2020-02-02,50.0,170.0,120.0
2020-02-03,120.0,10.0,70.0
2020-02-04,160.0,120.0,90.0
2020-02-05,70.0,260.0,80.0
2020-02-06,130.0,200.0,200.0
2020-02-07,160.0,80.0,10.0
2020-02-08,10.0,170.0,10.0
2020-02-09,230.0,160.0,50.0
2020-02-10,60.0,120.0,60.0
2020-02-11,70.0,220.0,20.0
2020-02-12,110.0,130.0,40.0
2020-02-13,150.0,10.0,90.0
2020-02-14,40.0,100.0,0.0
2020-02-15,100.0,150.0,20.0
2020-02-16,130.0,50.0,90.0
2020-02-17,70.0,10.0,110.0
2020-02-18,60.0,140.0,20.0
2020-02-19,10.0,60.0,80.0
2020-02-20,70.0,60.0,40.0
2020-02-21,80.0,140.0,60.0
2020-02-22,150.0,100.0,110.0
2020-02-23,30.0,170.0,100.0
2020-02-24,100.0,90.0,170.0
2020-02-25,50.0,110.0,140.0
2020-02-26,120.0,30.0,10.0
2020-02-27,80.0,60.0,80.0
2020-02-28,20.0,130.0,80.0
2020-02-29,140.0,90.0,130.0
2020-03-01,160.0,20.0,10.0
2020-03-02,140.0,60.0,50.0
2020-03-03,70.0,20.0,50.0
2020-03-04,10.0,100.0,90.0
2020-03-05,20.0,50.0,90.0
2020-03-06,50.0,0.0,60.0
2020-03-07,30.0,20.0,120.0
2020-03-08,100.0,110.0,110.0
2020-03-09,20.0,250.0,100.0
2020-03-10,40.0,90.0,40.0
2020-03-11,30.0,50.0,50.0
2020-03-12,110.0,40.0,90.0
2020-03-13,70.0,80.0,70.0
2020-03-14,120.0,110.0,40.0
2020-03-15,110.0,160.0,100.0
2020-03-16,10.0,10.0,40.0
2020-03-17,40.0,90.0,100.0
2020-03-18,20.0,30.0,20.0
2020-03-19,110.0,10.0,50.0
2020-03-20,50.0,110.0,60.0
2020-03-21,30.0,200.0,10.0
2020-03-22,110.0,10.0,220.0
2020-03-23,0.0,50.0,60.0
2020-03-24,70.0,30.0,10.0
2020-03-25,230.0,100.0,150.0
2020-03-26,50.0,10.0,10.0
2020-03-27,40.0,110.0,40.0
2020-03-28,40.0,80.0,40.0
2020-03-29,130.0,30.0,20.0
2020-03-30,40.0,20.0,50.0
2020-03-31,10.0,40.0,10.0
2020-04-01,100.0,90.0,120.0
2020-04-02,90.0,10.0,180.0
2020-04-03,30.0,80.0,60.0
2020-04-04,80.0,120.0,70.0
2020-04-05,20.0,60.0,10.0
2020-04-06,90.0,70.0,0.0
2020-04-07,140.0,120.0,100.0
2020-04-08,130.0,30.0,130.0
2020-04-09,70.0,90.0,70.0
2020-04-10,170.0,30.0,110.0
2020-04-11,80.0,20.0,40.0
2020-04-12,140.0,0.0,250.0
2020-04-13,270.0,200.0,60.0
2020-04-14,100.0,70.0,220.0
2020-04-15,180.0,60.0,110.0
2020-04-16,50.0,160.0,120.0
2020-04-17,0.0,50.0,80.0
2020-04-18,60.0,250.0,0.0
2020-04-19,110.0,160.0,30.0
2020-04-20,30.0,20.0,70.0
2020-04-21,20.0,10.0,0.0
2020-04-22,40.0,0.0,180.0
2020-04-23,110.0,110.0,70.0
2020-04-24,50.0,10.0,100.0
2020-04-25,30.0,170.0,100.0
2020-04-26,30.0,70.0,290.0
2020-04-27,50.0,40.0,110.0
2020-04-28,120.0,60.0,80.0
2020-04-29,90.0,170.0,60.0
2020-04-30,50.0,40.0,210.0
2020-05-01,10960.0,28300.0,41400.0
2020-05-02,11020.0,28850.0,41730.0
2020-05-03,11450.0,30080.0,41800.0
2020-05-04,11770.0,30900.0,42740.0
2020-05-05,12580.0,32550.0,44560.0
2020-05-06,11260.0,29950.0,42050.0
2020-05-07,10940.0,29350.0,41430.0
2020-05-08,11710.0,30950.0,43000.0
2020-05-09,10830.0,29240.0,41410.0
2020-05-10,10900.0,29250.0,40690.0
2020-05-11,11250.0,29620.0,41630.0
2020-05-12,11100.0,28960.0,41530.0
2020-05-13,11520.0,29570.0,42480.0
2020-05-14,11640.0,29860.0,42820.0
2020-05-15,11850.0,30610.0,43430.0
2020-05-16,11120.0,29630.0,42320.0
2020-05-17,12010.0,31810.0,43430.0
2020-05-18,11780.0,31590.0,43430.0
2020-05-19,11490.0,31090.0,43210.0
2020-05-20,11730.0,31570.0,43890.0
2020-05-21,11940.0,32020.0,44410.0
2020-05-22,11620.0,31470.0,43910.0
2020-05-23,11830.0,31900.0,44520.0
2020-05-24,11840.0,31750.0,43690.0
2020-05-25,11570.0,30890.0,43420.0
2020-05-26,11940.0,31250.0,44340.0
2020-05-27,12010.0,31130.0,44540.0
2020-05-28,11800.0,30740.0,44150.0
2020-05-29,11600.0,30690.0,43880.0
2020-05-30,11430.0,30810.0,43770.0
2020-05-31,11630.0,31630.0,43410.0
2020-06-01,12640.0,33870.0,45770.0
2020-06-02,12680.0,34040.0,46110.0
2020-06-03,11900.0,32500.0,44660.0
2020-06-04,12040.0,32830.0,44970.0
2020-06-05,11680.0,32200.0,44300.0
2020-06-06,12230.0,33350.0,45570.0
2020-06-07,12110.0,32960.0,44450.0
2020-06-08,12050.0,32530.0,44590.0
2020-06-09,11920.0,31890.0,44520.0
2020-06-10,11960.0,31730.0,44710.0
2020-06-11,11620.0,31090.0,44120.0
2020-06-12,11470.0,31100.0,43980.0
2020-06-13,11740.0,32110.0,44870.0
2020-06-14,12550.0,34120.0,45800.0
2020-06-15,12230.0,33690.0,45600.0
2020-06-16,12400.0,34050.0,46250.0
2020-06-17,12120.0,33450.0,45860.0
2020-06-18,12380.0,33980.0,46470.0
2020-06-19,13180.0,35630.0,48170.0
2020-06-20,11930.0,33060.0,45810.0
2020-06-21,12400.0,33800.0,45860.0
2020-06-22,12120.0,32850.0,45520.0
2020-06-23,11850.0,31860.0,45100.0
2020-06-24,12090.0,32030.0,45610.0
2020-06-25,12190.0,32220.0,45800.0
2020-06-26,12560.0,33230.0,46610.0
2020-06-27,11720.0,31950.0,45110.0
2020-06-28,12380.0,33640.0,45610.0
2020-06-29,11860.0,32760.0,44860.0
2020-06-30,11760.0,32570.0,44850.0
2020-07-01,11840.0,32680.0,45070.0
2020-07-02,11640.0,32270.0,44640.0
2020-07-03,12320.0,33700.0,46030.0
2020-07-04,11610.0,32240.0,44710.0
2020-07-05,11640.0,32090.0,43830.0
2020-07-06,12210.0,32880.0,45210.0
2020-07-07,11680.0,31370.0,44280.0
2020-07-08,11860.0,31440.0,44720.0
2020-07-09,11200.0,30100.0,43440.0
2020-07-10,11590.0,31180.0,44380.0
2020-07-11,11450.0,31320.0,44400.0
2020-07-12,11540.0,31860.0,43840.0
2020-07-13,11660.0,32280.0,44500.0
2020-07-14,11990.0,32960.0,45490.0
2020-07-15,11570.0,32030.0,44770.0
2020-07-16,11720.0,32330.0,45150.0
2020-07-17,11500.0,31900.0,44790.0
2020-07-18,11460.0,31770.0,44860.0
2020-07-19,11580.0,31810.0,44200.0
2020-07-20,11610.0,31460.0,44470.0
2020-07-21,11970.0,31760.0,45360.0
2020-07-22,12400.0,32330.0,46260.0
2020-07-23,11260.0,29980.0,43920.0
2020-07-24,12110.0,32030.0,45750.0
2020-07-25,11240.0,30680.0,44180.0
2020-07-26,11860.0,32360.0,44650.0
2020-07-27,11400.0,31630.0,44030.0
2020-07-28,12560.0,34050.0,46640.0
2020-07-29,11870.0,32640.0,45320.0
2020-07-30,11240.0,31380.0,44040.0
2020-07-31,11080.0,31130.0,43750.0
2020-08-01,11090.0,31170.0,43920.0
2020-08-02,11680.0,32260.0,44240.0
2020-08-03,11200.0,30940.0,43520.0
2020-08-04,11780.0,31760.0,44930.0
2020-08-05,11410.0,30750.0,44270.0
2020-08-06,11830.0,31670.0,45250.0
2020-08-07,11270.0,30880.0,44310.0
2020-08-08,11610.0,32070.0,45360.0
2020-08-09,11590.0,32470.0,44640.0
2020-08-10,11740.0,33030.0,45430.0
2020-08-11,12110.0,33860.0,46560.0
2020-08-12,11950.0,33520.0,46420.0
2020-08-13,12700.0,35130.0,48110.0
2020-08-14,11760.0,33250.0,46280.0
2020-08-15,12060.0,33900.0,47130.0
2020-08-16,12050.0,33710.0,46220.0
2020-08-17,11900.0,33050.0,46180.0
2020-08-18,12420.0,33730.0,47450.0
2020-08-19,12660.0,33980.0,48030.0
2020-08-20,12580.0,33850.0,47900.0
2020-08-21,11770.0,32500.0,46320.0
2020-08-22,11690.0,32840.0,46420.0
2020-08-23,12610.0,35180.0,47530.0
2020-08-24,12380.0,34950.0,47420.0
2020-08-25,11900.0,34030.0,46680.0
2020-08-26,12840.0,36020.0,48760.0
2020-08-27,12470.0,35290.0,48010.0
2020-08-28,12540.0,35540.0,48210.0
2020-08-29,11910.0,34250.0,47060.0
2020-08-30,12240.0,34820.0,46850.0
2020-08-31,12470.0,34970.0,47600.0
2020-09-01,12620.0,34890.0,48120.0
2020-09-02,11990.0,33310.0,46910.0
2020-09-03,12090.0,33560.0,47210.0
2020-09-04,11780.0,33240.0,46750.0
2020-09-05,12140.0,34480.0,47850.0
2020-09-06,13050.0,36820.0,49060.0
2020-09-07,12110.0,35040.0,47520.0
2020-09-08,12670.0,36260.0,49050.0
2020-09-09,12350.0,35540.0,48540.0
2020-09-10,12390.0,35620.0,48710.0
2020-09-11,12610.0,36120.0,49260.0
2020-09-12,12110.0,35030.0,48380.0
2020-09-13,12960.0,36620.0,49250.0
2020-09-14,12650.0,35540.0,48810.0
2020-09-15,12810.0,35410.0,49290.0
2020-09-16,11950.0,33270.0,47490.0
2020-09-17,12890.0,35250.0,49480.0
2020-09-18,12370.0,34410.0,48420.0
2020-09-19,12380.0,34870.0,48660.0
2020-09-20,12560.0,35630.0,48180.0
2020-09-21,12640.0,36000.0,48670.0
2020-09-22,12170.0,35010.0,47870.0
2020-09-23,11910.0,34410.0,47380.0
2020-09-24,11920.0,34410.0,47360.0
2020-09-25,12410.0,35510.0,48440.0
2020-09-26,11960.0,34520.0,47590.0
2020-09-27,12080.0,34580.0,46880.0
2020-09-28,11920.0,33840.0,46760.0
2020-09-29,12180.0,33940.0,47480.0
2020-09-30,12660.0,34650.0,48560.0
2020-10-01,11540.0,32260.0,46240.0
2020-10-02,11870.0,33250.0,47090.0
2020-10-03,11840.0,33650.0,47350.0
2020-10-04,12360.0,35130.0,47690.0
2020-10-05,12070.0,34690.0,47500.0
2020-10-06,12480.0,35570.0,48700.0
2020-10-07,11860.0,34190.0,47540.0
2020-10-08,11990.0,34450.0,47880.0
2020-10-09,12480.0,35530.0,49030.0
2020-10-10,11810.0,34050.0,47760.0
2020-10-11,12530.0,35360.0,48340.0
2020-10-12,12320.0,34510.0,48140.0
2020-10-13,12280.0,33940.0,48180.0
2020-10-14,12080.0,33200.0,47800.0
2020-10-15,12220.0,33500.0,48100.0
2020-10-16,11420.0,32080.0,46450.0
2020-10-17,11690.0,33130.0,47270.0
2020-10-18,12450.0,35180.0,48050.0
2020-10-19,12170.0,34800.0,47790.0
2020-10-20,11840.0,34130.0,47320.0
2020-10-21,12470.0,35490.0,48780.0
2020-10-22,12190.0,34930.0,48200.0
2020-10-23,12450.0,35580.0,48810.0
2020-10-24,11420.0,33390.0,46750.0
2020-10-25,12120.0,34760.0,47320.0
2020-10-26,12000.0,34150.0,47330.0
2020-10-27,11440.0,32540.0,46340.0
2020-10-28,11880.0,33240.0,47410.0
2020-10-29,11700.0,32900.0,47130.0
2020-10-30,11550.0,32950.0,47020.0
2020-10-31,11730.0,33860.0,47790.0
2020-11-01,12030.0,34960.0,47710.0
2020-11-02,11970.0,35090.0,48080.0
2020-11-03,12130.0,35510.0,48810.0
2020-11-04,12400.0,36110.0,49630.0
2020-11-05,12450.0,36270.0,49870.0
2020-11-06,13010.0,37570.0,51220.0
2020-11-07,12410.0,36290.0,50150.0
2020-11-08,13100.0,37620.0,50730.0
2020-11-09,12630.0,36230.0,49990.0
2020-11-10,12580.0,35710.0,50080.0
2020-11-11,12430.0,35100.0,49820.0
2020-11-12,12120.0,34460.0,49180.0
2020-11-13,11950.0,34450.0,48930.0
2020-11-14,11900.0,34860.0,49090.0
2020-11-15,12490.0,36600.0,49540.0
2020-11-16,12500.0,36890.0,49950.0
2020-11-17,12980.0,38020.0,51270.0
2020-11-18,12910.0,37900.0,51250.0
2020-11-19,12300.0,36620.0,49940.0
2020-11-20,12040.0,36140.0,49420.0
2020-11-21,12190.0,36520.0,49940.0
2020-11-22,12440.0,36930.0,49530.0
2020-11-23,12350.0,36370.0,49610.0
2020-11-24,12130.0,35480.0,49340.0
2020-11-25,12050.0,35030.0,49270.0
2020-11-26,12510.0,36090.0,50390.0
2020-11-27,12110.0,35560.0,49710.0
2020-11-28,12170.0,36200.0,50200.0
2020-11-29,13240.0,38980.0,51800.0
2020-11-30,13680.0,40200.0,53270.0
2020-12-01,12500.0,37600.0,51000.0
2020-12-02,12830.0,38290.0,51920.0
2020-12-03,12960.0,38580.0,52300.0
2020-12-04,12920.0,38530.0,52300.0
2020-12-05,12730.0,38070.0,52070.0
2020-12-06,12690.0,37770.0,51000.0
2020-12-07,13330.0,38760.0,52660.0
2020-12-08,12460.0,36330.0,50870.0
2020-12-09,12880.0,36910.0,51820.0
2020-12-10,12700.0,36490.0,51400.0
2020-12-11,12890.0,37220.0,51900.0
2020-12-12,12130.0,35990.0,50440.0
2020-12-13,12600.0,37430.0,50570.0
2020-12-14,12550.0,37520.0,50800.0
2020-12-15,12300.0,36970.0,50450.0
2020-12-16,12570.0,37510.0,51100.0
2020-12-17,12520.0,37390.0,50970.0
2020-12-18,12650.0,37730.0,51270.0
2020-12-19,11950.0,36130.0,49830.0
2020-12-20,12050.0,36170.0,49050.0
2020-12-21,12740.0,37300.0,50830.0
2020-12-22,12190.0,35570.0,49750.0
2020-12-23,12660.0,36310.0,50880.0
2020-12-24,11930.0,34680.0,49320.0
2020-12-25,11880.0,34880.0,49380.0
2020-12-26,11880.0,35340.0,49690.0
2020-12-27,12360.0,36820.0,49970.0
2020-12-28,12430.0,37180.0,50600.0
2020-12-29,12550.0,37440.0,51190.0
2020-12-30,12130.0,36430.0,50410.0
2020-12-31,12140.0,36440.0,50520.0